<?xml version="1.0" encoding="UTF-8"?>
<Bundle name="RegisterBundle" xmlns="http://www.jehlum/DJOLUC/RegisterBundle">
    <Controllers>
        <Controller 
            name="RegisterUserController"
            urlAction="register"
            staticRooterFunction="rooter"
            role="Frontend"
        />

        <Controller 
            name="AccountConfirmController"
            urlAction="accountConfirm"
            staticRooterFunction="rooter"
            role="Frontend"
        />

        <Controller 
            name="LoginController"
            urlAction="authenticate"
            staticRooterFunction="rooter"
            role="Frontend"
        />

        <Controller 
            name="UserProfilController"
            urlAction="profil"
            staticRooterFunction="rooter"
            role="Frontend"
        />

        <Controller 
            name="UserProfilEditController"
            urlAction="profilEdit"
            staticRooterFunction="rooter"
            role="Frontend"
        />

        <Controller 
            name="ForgotPasswordController"
            urlAction="userForgotPass"
            staticRooterFunction="rooter"
            role="Frontend"
        />

        <Controller 
            name="UserAdminController"
            urlAction="useradmin"
            staticRooterFunction="rooter"
            role="Backend"
        />

        <Controller 
            name="userWrapingController"
            urlAction="userWraping"
            staticRooterFunction="rooter"
            role="Backend"
        />
    </Controllers>
</Bundle>
