<?xml version="1.0" encoding="UTF-8"?>
<Bundle name="AdsBundle" xmlns="http://www.jehlum.org/DJOLUC/AdsBundle">
    <Controllers>
        <Controller 
            name="AdsCategoryController"
            urlAction="adsCategory"
            staticRooterFunction="rooter"
            role="Backend"
        />
        
        <Controller 
            name="AdsLocationController"
            urlAction="adsLocation"
            staticRooterFunction="rooter"
            role="Backend"
        />
        
        <Controller 
            name="AdsMainController"
            urlAction="ads"
            staticRooterFunction="rooter"
            role="Frontend"
        />
        
        <Controller 
            name="AdsManageController"
            urlAction="adsManage"
            staticRooterFunction="rooter"
            role="Frontend"
        />
        
        <Controller 
            name="PendingAdsController"
            urlAction="pendingAds"
            staticRooterFunction="rooter"
            role="Backend"
        />
        
        
        <Controller 
            name="AdsByCategoryController"
            urlAction="category"
            staticRooterFunction="rooter"
            role="Frontend"
        />
        
        <Controller 
            name="AdsByLocationController"
            urlAction="location"
            staticRooterFunction="rooter"
            role="Frontend"
        />
        
        <Controller 
            name="BlackListController"
            urlAction="blackList"
            staticRooterFunction="rooter"
            role="Backend"
        />
        
        
        <Controller 
            name="LinkedinController"
            urlAction="linkedin"
            staticRooterFunction="rooter"
            role="Backend"
        />
        
        <Controller 
            name="WaitingForPostRssFeedController"
            urlAction="pendingAdsRssFeed"
            staticRooterFunction="rooter"
            role="Frontend"
        />
    </Controllers>
</Bundle>
