<?xml version="1.0" encoding="UTF-8"?>
<Bundle name="MainBundle" xmlns="http://www.w3.org/DJOLUC/MainBundle">
    <Controllers>
        <Controller 
            name="MainController"
            urlAction=""
            staticRooterFunction="rooter"
            role="Frontend"
        />
        
        <Controller 
            name="AboutController"
            urlAction="about"
            staticRooterFunction="rooter"
            role="Frontend"
        />
        
        <Controller 
            name="FaqController"
            urlAction="faq"
            staticRooterFunction="rooter"
            role="Frontend"
        />
        
        <Controller 
            name="PrivacyController"
            urlAction="privacy"
            staticRooterFunction="rooter"
            role="Frontend"
        />
        
        <Controller 
            name="TermController"
            urlAction="terms"
            staticRooterFunction="rooter"
            role="Frontend"
        />

        <Controller 
            name="PictureCropController"
            urlAction="profilePictureCrop"
            staticRooterFunction="rooter"
            role="Frontend"
        />
        
        <Controller 
            name="SearchController"
            urlAction="search"
            staticRooterFunction="rooter"
            role="Frontend"
        />
    </Controllers>
</Bundle>
